Code,Name,Area,All staff_Total,All staff_EU,All staff_%,Frontline_Total,Frontline_EU,Frontline_%,HCHS doctors_Total,HCHS doctors_EU,HCHS doctors_%,Nurses & health visitors_Total,Nurses & health visitors_EU,Nurses & health visitors_%,Midwives_Total,Midwives_EU,Midwives_%,Number of frontline cateogries over 10%,"Frontline staff EU %, national rank","Doctors EU %, national rank","Nurses EU %, national rank","Midwives EU %, national rank","Overall change in nurses, 2017-18","Change in EU nurses, 2017-18"
RT3,"Royal Brompton and Harefield NHS Foundation Trust",North West London,3604,690,19.1%,1811,494,27.3%,482,135,28.01%,1329,359,27.0%,0,0,-,2,1,1,1,-,60,7
RJ7,St George's University Hospitals NHS Foundation Trust,South London,8568,1244,14.5%,3992,759,19.0%,1302,170,13.06%,2474,556,22.5%,216,33,15.3%,3,2,24,2,10,-238,-49
RGM,"Papworth Hospital NHS Foundation Trust",East of England,1775,229,12.9%,779,146,18.7%,199,47,23.6%,580,99,17.1%,0,0,-,2,3,2,11,-,-19,-1
RRV,University College London Hospitals NHS Foundation Trust,North Central and East London,8409,1197,14.2%,4120,752,18.3%,1479,248,16.77%,2415,445,18.4%,226,59,26.1%,3,4,7,6,1,7,-28
RAL,Royal Free London NHS Foundation Trust,North Central and East London,8991,1212,13.5%,4364,755,17.3%,1564,190,12.15%,2487,528,21.2%,313,37,11.8%,3,5,33,3,14,-35,0
RP6,Moorfields Eye Hospital NHS Foundation Trust,North Central and East London,2079,228,11.0%,782,130,16.6%,342,71,20.76%,440,59,13.4%,0,0,-,2,6,3,28,-,10,-2
RTH,Oxford University Hospitals NHS Foundation Trust,Thames Valley,11752,1471,12.5%,5362,872,16.3%,1750,177,10.1%,3282,680,20.7%,330,15,4.5%,2,7,67,4,39,-133,-108
RQM,Chelsea and Westminster Hospital NHS Foundation Trust,North West London,5851,791,13.5%,3254,499,15.3%,1152,124,10.76%,1706,312,18.3%,396,63,15.9%,3,8,54,7,8,92,5
RPY,Royal Marsden NHS Foundation Trust,North West London,4047,457,11.3%,1506,230,15.3%,403,64,15.88%,1103,166,15.0%,0,0,-,2,9,8,16,-,38,5
RP4,Great Ormond Street Hospital For Children NHS Foundation Trust,North Central and East London,4562,571,12.5%,2185,332,15.2%,646,130,20.12%,1539,202,13.1%,0,0,-,2,10,4,33,-,153,-7
RJ1,Guy's and St Thomas' NHS Foundation Trust,South London,15249,1848,12.1%,6793,1031,15.2%,2137,335,15.68%,4355,639,14.7%,301,57,18.9%,3,11,9,20,3,92,13
RWG,West Hertfordshire Hospitals NHS Trust,East of England,4687,554,11.8%,1985,300,15.1%,633,54,8.5%,1189,231,19.4%,163,15,9.2%,1,12,106,5,20,-21,-54
RKE,Whittington Health NHS Trust,North Central and East London,4031,512,12.7%,1658,248,15.0%,483,43,8.90%,1017,176,17.3%,158,29,18.4%,2,13,99,8,4,-51,-2
RYJ,Imperial College Healthcare NHS Trust,North West London,10603,1348,12.7%,5376,804,15.0%,1809,190,10.50%,3206,550,17.2%,361,64,17.7%,3,14,58,10,6,187,103
RAP,North Middlesex University Hospital NHS Trust,North Central and East London,3131,373,11.9%,1655,237,14.3%,511,55,10.76%,996,144,14.5%,148,38,25.7%,3,15,55,22,2,40,15
RQX,Homerton University Hospital NHS Foundation Trust,North Central and East London,3683,451,12.2%,1693,242,14.3%,490,68,13.88%,983,134,13.6%,220,40,18.2%,3,16,17,25,5,29,3
RXH,Brighton and Sussex University Hospitals NHS Trust,"Kent, Surrey and Sussex",8088,1024,12.7%,3654,521,14.3%,1151,114,9.9%,2258,388,17.2%,245,19,7.8%,1,17,71,9,24,-39,-10
R1H,Barts Health NHS Trust,North Central and East London,15387,1706,11.1%,7484,1058,14.1%,2442,310,12.69%,4429,653,14.7%,613,95,15.5%,3,18,30,19,9,121,-70
RHM,University Hospital Southampton NHS Foundation Trust,Wessex,10556,1202,11.4%,4857,677,13.9%,1467,149,10.2%,3139,514,16.4%,251,14,5.6%,2,19,66,13,32,25,-19
RTK,Ashford and St Peter's Hospitals NHS Foundation Trust,"Kent, Surrey and Sussex",3721,470,12.6%,1596,219,13.7%,561,57,10.2%,886,144,16.3%,149,18,12.1%,3,20,65,14,13,-30,-10
RAX,Kingston Hospital NHS Foundation Trust,South London,3125,355,11.4%,1495,205,13.7%,493,57,11.56%,804,124,15.4%,198,24,12.1%,3,21,39,15,12,37,-15
RCX,"The Queen Elizabeth Hospital, King's Lynn. NHS Foundation Trust",East of England,3209,294,9.2%,1258,171,13.6%,346,46,13.3%,805,117,14.5%,107,8,7.5%,2,22,22,21,25,-9,-35
RQ8,Mid Essex Hospital Services NHS Trust,East of England,4540,375,8.3%,1915,255,13.3%,576,52,9.0%,1185,197,16.6%,154,6,3.9%,1,23,92,12,49,-42,-30
RGT,Cambridge University Hospitals NHS Foundation Trust,East of England,9677,1049,10.8%,4281,560,13.1%,1340,195,14.6%,2738,347,12.7%,203,18,8.9%,2,24,13,36,21,-54,-49
RHU,Portsmouth Hospitals NHS Trust,Wessex,7119,558,7.8%,3167,402,12.7%,937,90,9.6%,2052,306,14.9%,178,6,3.4%,1,25,77,17,53,-63,-53
RJZ,King's College Hospital NHS Foundation Trust,South London,11884,1181,9.9%,6320,791,12.5%,2115,277,13.10%,3763,482,12.8%,442,32,7.2%,2,26,23,35,27,243,1
RF4,"Barking, Havering and Redbridge University Hospitals NHS Trust",North Central and East London,6393,534,8.4%,2960,368,12.4%,857,88,10.27%,1784,235,13.2%,319,45,14.1%,3,27,63,32,11,13,-33
RVR,Epsom and St Helier University Hospitals NHS Trust,South London,4869,432,8.9%,2268,266,11.7%,722,66,9.14%,1325,175,13.2%,221,25,11.3%,2,28,91,30,16,-3,-36
RDU,Frimley Health NHS Foundation Trust,"Kent, Surrey and Sussex",9011,906,10.1%,3723,436,11.7%,1100,105,9.5%,2294,303,13.2%,329,28,8.5%,1,29,79,29,22,-17,-29
RC9,Luton and Dunstable University Hospital NHS Foundation Trust,East of England,4082,382,9.4%,1983,232,11.7%,609,50,8.2%,1144,164,14.3%,230,18,7.8%,1,30,117,23,23,79,17
RTP,Surrey and Sussex Healthcare NHS Trust,"Kent, Surrey and Sussex",4072,481,11.8%,1744,204,11.7%,615,71,11.5%,964,121,12.6%,165,12,7.3%,2,31,40,37,26,-5,-42
RAN,Royal National Orthopaedic Hospital NHS Trust,North Central and East London,1516,142,9.4%,582,68,11.7%,193,18,9.33%,389,50,12.9%,0,0,-,1,32,85,34,-,1,2
RA4,Yeovil District Hospital NHS Foundation Trust,South West,2240,199,8.9%,860,99,11.5%,258,23,8.9%,536,74,13.8%,66,2,3.0%,1,33,98,24,60,10,-7
RWF,Maidstone and Tunbridge Wells NHS Trust,"Kent, Surrey and Sussex",5581,495,8.9%,2239,257,11.5%,697,54,7.7%,1303,193,14.8%,239,10,4.2%,1,34,130,18,42,-63,-71
RN7,Dartford and Gravesham NHS Trust,"Kent, Surrey and Sussex",3206,272,8.5%,1470,168,11.4%,375,40,10.7%,918,121,13.2%,177,7,4.0%,2,35,57,31,46,20,-4
RQW,Princess Alexandra Hospital NHS Trust,East of England,3293,227,6.9%,1357,153,11.3%,469,46,9.8%,708,95,13.4%,180,12,6.7%,1,36,74,27,28,-4,-37
RC1,Bedford Hospital NHS Trust,East of England,2793,298,10.7%,1196,134,11.2%,334,30,9.0%,755,102,13.5%,107,2,1.9%,1,37,94,26,88,15,-10
RNK,Tavistock and Portman NHS Foundation Trust,North Central and East London,696,99,14.2%,82,9,11.0%,57,8,14.04%,25,1,4.0%,0,0,-,1,38,15,112,-,4,-1
RGN,North West Anglia NHS Foundation Trust,East of England,5949,466,7.8%,2591,282,10.9%,701,104,14.8%,1633,170,10.4%,257,8,3.1%,2,39,11,46,58,476,20
R1K,London North West University Healthcare NHS Trust,North West London,8240,810,9.8%,3970,430,10.8%,1230,118,9.59%,2569,295,11.5%,171,17,9.9%,1,40,78,41,18,-80,-36
RJ6,Croydon Health Services NHS Trust,South London,3630,301,8.3%,1636,177,10.8%,491,38,7.74%,1016,124,12.2%,129,15,11.6%,2,41,131,38,15,7,-22
RJ2,Lewisham and Greenwich NHS Trust,South London,6026,527,8.7%,2957,317,10.7%,859,103,11.99%,1775,181,10.2%,323,33,10.2%,3,42,36,48,17,-118,-20
RAS,Hillingdon Hospitals NHS Foundation Trust,North West London,3186,284,8.9%,1387,143,10.3%,443,35,7.90%,786,82,10.4%,158,26,16.5%,2,43,124,45,7,36,0
RXQ,Buckinghamshire Healthcare NHS Trust,Thames Valley,5958,548,9.2%,2555,261,10.2%,679,67,9.9%,1684,191,11.3%,192,3,1.6%,1,44,72,43,98,-51,-36
RVJ,North Bristol NHS Trust,South West,8123,629,7.7%,3176,321,10.1%,940,75,8.0%,1955,231,11.8%,281,15,5.3%,1,45,122,40,35,-27,3
RNS,Northampton General Hospital NHS Trust,East Midlands,4868,402,8.3%,2005,201,10.0%,529,35,6.6%,1278,155,12.1%,198,11,5.6%,1,46,158,39,33,45,-11
RGR,West Suffolk NHS Foundation Trust,East of England,3740,284,7.6%,1439,143,9.9%,383,43,11.2%,950,94,9.9%,106,6,5.7%,1,47,46,49,31,58,-26
RDZ,Royal Bournemouth and Christchurch Hospitals NHS Foundation Trust,Wessex,4555,451,9.9%,1786,170,9.5%,491,25,5.1%,1250,143,11.4%,45,2,4.4%,1,48,193,42,40,15,7
RD8,Milton Keynes University Hospital NHS Foundation Trust,Thames Valley,3399,258,7.6%,1390,132,9.5%,425,46,10.8%,841,82,9.8%,124,4,3.2%,1,49,52,50,55,36,-11
RA2,Royal Surrey County NHS Foundation Trust,"Kent, Surrey and Sussex",3792,300,7.9%,1745,164,9.4%,588,59,10.0%,1037,99,9.5%,120,6,5.0%,1,50,70,53,36,-18,-42
RDD,Basildon and Thurrock University Hospitals NHS Foundation Trust,East of England,4752,314,6.6%,1986,183,9.2%,573,62,10.8%,1233,104,8.4%,180,17,9.4%,1,51,53,60,19,19,4
RPA,Medway NHS Foundation Trust,"Kent, Surrey and Sussex",4413,274,6.2%,1725,158,9.2%,550,63,11.5%,995,86,8.6%,180,9,5.0%,1,52,43,59,36,-1,12
RBV,Christie NHS Foundation Trust,North West,2833,168,5.9%,936,85,9.1%,268,38,14.2%,668,47,7.0%,0,0,-,1,53,14,71,-,53,3
RD3,Poole Hospital NHS Foundation Trust,Wessex,3925,273,7.0%,1600,143,8.9%,479,25,5.2%,951,107,11.3%,170,11,6.5%,1,54,188,44,30,7,17
RDE,Colchester Hospital University NHS Foundation Trust,East of England,4555,350,7.7%,1740,153,8.8%,470,43,9.1%,1114,108,9.7%,156,2,1.3%,0,55,90,51,103,34,-17
RRP,"Barnet, Enfield and Haringey Mental Health NHS Trust",North Central and East London,3054,287,9.4%,1151,101,8.8%,206,30,14.56%,945,71,7.5%,0,0,-,1,56,12,67,-,71,13
RH8,Royal Devon and Exeter NHS Foundation Trust,South West,7907,500,6.3%,2865,251,8.8%,748,47,6.3%,1926,198,10.3%,191,6,3.1%,1,57,163,47,56,-73,-63
RQ6,Royal Liverpool and Broadgreen University Hospitals NHS Trust,North West,6886,352,5.1%,2688,235,8.7%,892,85,9.5%,1796,150,8.4%,0,0,-,0,58,80,61,-,-102,0
TAF,Camden and Islington NHS Foundation Trust,North Central and East London,1968,201,10.2%,563,48,8.5%,134,21,15.67%,429,27,6.3%,0,0,-,1,59,10,77,-,-8,-1
RGP,James Paget University Hospitals NHS Foundation Trust,East of England,3133,144,4.6%,1245,106,8.5%,306,37,12.1%,847,68,8.0%,92,1,1.1%,1,60,34,63,111,15,-10
RKL,West London Mental Health NHS Trust,North West London,3259,347,10.6%,1085,92,8.5%,216,28,12.96%,869,64,7.4%,0,0,-,1,61,26,68,-,33,8
RA7,University Hospitals Bristol NHS Foundation Trust,South West,9038,715,7.9%,3898,329,8.4%,1248,94,7.5%,2470,232,9.4%,180,3,1.7%,0,62,136,54,94,30,31
RAJ,Southend University Hospital NHS Foundation Trust,East of England,4399,270,6.1%,1794,151,8.4%,556,47,8.5%,1078,99,9.2%,160,5,3.1%,0,63,107,55,57,-25,-41
RWJ,Stockport NHS Foundation Trust,North West,5270,287,5.4%,2094,176,8.4%,486,34,7.0%,1461,141,9.7%,147,1,0.7%,0,64,148,52,-,42,-12
RWE,University Hospitals of Leicester NHS Trust,East Midlands,14628,801,5.5%,5779,478,8.3%,1849,149,8.1%,3511,316,9.0%,419,13,3.1%,0,65,121,56,59,-15,-69
RNZ,Salisbury NHS Foundation Trust,Wessex,3306,198,6.0%,1241,102,8.2%,382,32,8.4%,758,68,9.0%,101,2,2.0%,0,66,110,57,83,-32,-18
RA3,Weston Area Health NHS Trust,South West,1720,115,6.7%,576,46,8.0%,171,19,11.1%,376,27,7.2%,29,0,0.0%,1,67,47,70,127,-27,-17
RWK,East London NHS Foundation Trust,North Central and East London,4931,413,8.4%,1784,142,8.0%,373,65,17.43%,1411,77,5.5%,0,0,-,1,68,6,92,-,-64,3
RXC,East Sussex Healthcare NHS Trust,"Kent, Surrey and Sussex",6938,495,7.1%,2639,210,8.0%,600,62,10.3%,1898,144,7.6%,141,4,2.8%,1,69,62,66,65,12,-5
RV5,South London and Maudsley NHS Foundation Trust,South London,4697,372,7.9%,1774,141,7.9%,471,63,13.38%,1303,78,6.0%,0,0,-,1,70,21,80,-,10,4
RY9,Hounslow and Richmond Community Healthcare NHS Trust,North West London,1095,86,7.9%,306,24,7.8%,14,1,7.14%,292,23,7.9%,0,0,-,0,71,143,64,-,-35,-3
RQY,South West London and St George's Mental Health NHS Trust,South London,2137,170,8.0%,837,65,7.8%,216,30,13.89%,621,35,5.6%,0,0,-,1,72,16,86,-,41,-3
RYX,Central London Community Healthcare NHS Trust,North West London,3448,283,8.2%,1598,124,7.8%,51,6,11.76%,1547,118,7.6%,0,0,-,1,73,38,65,-,271,10
RV3,Central and North West London NHS Foundation Trust,North West London,6659,507,7.6%,2594,200,7.7%,493,63,12.78%,2101,137,6.5%,0,0,-,1,74,29,76,-,123,20
RNQ,Kettering General Hospital NHS Foundation Trust,East Midlands,3927,199,5.1%,1565,117,7.5%,434,49,11.3%,1006,68,6.8%,125,0,0.0%,1,75,45,75,-,-10,-18
RET,Walton Centre NHS Foundation Trust,North West,1414,55,3.9%,563,42,7.5%,168,23,13.7%,395,19,4.8%,0,0,-,1,76,18,104,-,23,2
RWH,East and North Hertfordshire NHS Trust,East of England,5663,357,6.3%,2513,185,7.4%,742,50,6.7%,1569,128,8.2%,202,7,3.5%,0,77,155,62,51,57,-24
RRK,University Hospital Birmingham NHS Foundation Trust,West Midlands,9264,418,4.5%,3786,273,7.2%,1192,124,10.4%,2594,149,5.7%,0,0,-,1,78,61,84,-,85,14
RWR,Hertfordshire Partnership University NHS Foundation Trust,East of England,3105,203,6.5%,913,65,7.1%,205,22,10.7%,708,43,6.1%,0,0,-,1,79,56,78,-,10,-10
RPC,Queen Victoria Hospital NHS Foundation Trust,"Kent, Surrey and Sussex",964,52,5.4%,338,24,7.1%,152,14,9.2%,186,10,5.4%,0,0,-,0,80,89,93,-,-4,-3
RBA,Taunton and Somerset NHS Foundation Trust,South West,4374,285,6.5%,1711,121,7.1%,486,24,4.9%,1078,96,8.9%,147,1,0.7%,0,81,199,58,121,-19,-38
RM1,Norfolk and Norwich University Hospitals NHS Foundation Trust,East of England,7709,386,5.0%,3365,235,7.0%,1018,106,10.4%,2097,118,5.6%,250,11,4.4%,1,82,60,87,41,123,9
RN5,Hampshire Hospitals NHS Foundation Trust,Wessex,6109,399,6.5%,2496,171,6.9%,761,63,8.3%,1506,104,6.9%,229,4,1.7%,0,83,116,73,92,58,8
RXX,Surrey and Borders Partnership NHS Foundation Trust,"Kent, Surrey and Sussex",2392,175,7.3%,734,50,6.8%,169,22,13.0%,565,28,5.0%,0,0,-,1,84,25,100,-,-14,-5
RBT,Mid Cheshire Hospitals NHS Foundation Trust,North West,4454,175,3.9%,1502,102,6.8%,332,43,13.0%,1040,58,5.6%,130,1,0.8%,1,85,27,89,-,-26,-15
R0A,Manchester University NHS Foundation Trust,North West,20021,997,5.0%,8792,584,6.6%,2345,223,9.5%,5883,345,5.9%,564,16,2.8%,0,86,81,82,65,#N/A,#N/A
RD1,Royal United Hospitals Bath NHS Foundation Trust,South West,5135,343,6.7%,2030,134,6.6%,586,29,4.9%,1263,93,7.4%,181,12,6.6%,0,87,198,69,29,-15,-14
RN3,Great Western Hospitals NHS Foundation Trust,South West,5474,278,5.1%,2240,147,6.6%,545,57,10.5%,1516,83,5.5%,179,7,3.9%,1,88,59,90,47,125,-2
RVV,East Kent Hospitals University NHS Foundation Trust,"Kent, Surrey and Sussex",7743,313,4.0%,3204,210,6.6%,975,66,6.8%,1955,137,7.0%,274,7,2.6%,0,89,154,72,69,-40,-44
RWX,Berkshire Healthcare NHS Foundation Trust,Thames Valley,4171,271,6.5%,1336,87,6.5%,197,10,5.1%,1139,77,6.8%,0,0,-,0,90,195,74,-,-63,0
RK9,University Hospitals Plymouth NHS Trust,South West,6951,291,4.2%,2949,191,6.5%,984,88,8.9%,1809,101,5.6%,156,2,1.3%,0,91,96,88,103,87,-10
RAT,North East London NHS Foundation Trust,North Central and East London,5732,355,6.2%,2101,136,6.5%,245,29,11.84%,1856,107,5.8%,0,0,-,1,92,37,83,-,34,1
RYR,Western Sussex Hospitals NHS Foundation Trust,"Kent, Surrey and Sussex",6873,493,7.2%,2651,164,6.2%,754,55,7.3%,1674,100,6.0%,223,9,4.0%,0,93,140,81,45,-15,-27
RX1,Nottingham University Hospitals NHS Trust,East Midlands,14495,610,4.2%,6114,361,5.9%,1706,130,7.6%,3972,224,5.6%,436,7,1.6%,0,94,133,85,97,140,43
R1F,Isle of Wight NHS Trust,Wessex,3078,93,3.0%,1085,64,5.9%,228,45,19.7%,803,18,2.2%,54,1,1.9%,1,95,5,148,89,-7,-5
RBZ,Northern Devon Healthcare NHS Trust,South West,3073,87,2.8%,1181,68,5.8%,327,20,6.1%,777,47,6.0%,77,1,1.3%,0,96,169,79,102,-7,2
RJL,Northern Lincolnshire and Goole NHS Foundation Trust,Yorkshire and the Humber,6013,195,3.2%,2171,125,5.8%,488,48,9.8%,1495,77,5.2%,188,0,0.0%,0,97,73,97,-,-46,-30
RNU,Oxford Health NHS Foundation Trust,Thames Valley,5206,329,6.3%,1679,96,5.7%,258,25,9.7%,1421,71,5.0%,0,0,-,0,98,75,99,-,-4,5
RBS,Alder Hey Children's NHS Foundation Trust,North West,3389,117,3.5%,1454,80,5.5%,382,44,11.5%,1072,36,3.4%,0,0,-,1,99,41,125,-,39,-8
RBQ,Liverpool Heart and Chest NHS Foundation Trust,North West,1570,60,3.8%,661,36,5.4%,147,16,10.9%,514,20,3.9%,0,0,-,1,100,51,114,-,-5,4
RR8,Leeds Teaching Hospitals NHS Trust,Yorkshire and the Humber,16918,672,4.0%,6288,341,5.4%,2078,174,8.4%,3792,159,4.2%,418,8,1.9%,0,101,111,107,87,25,0
RXL,Blackpool Teaching Hospitals NHS Foundation Trust,North West,6964,241,3.5%,2809,151,5.4%,546,38,7.0%,2161,111,5.1%,102,2,2.0%,0,102,149,98,85,-29,-28
RR1,Heart of England NHS Foundation Trust,West Midlands,10670,412,3.9%,4396,235,5.3%,1162,83,7.1%,2777,145,5.2%,457,7,1.5%,0,103,143,95,99,-194,-14
RCF,Airedale NHS Foundation Trust,Yorkshire and the Humber,2849,91,3.2%,1015,54,5.3%,264,19,7.2%,656,34,5.2%,95,1,1.1%,0,104,141,96,112,12,-2
RJE,University Hospitals of North Midlands,West Midlands,10502,322,3.1%,4347,230,5.3%,1127,85,7.5%,2952,144,4.9%,268,1,0.4%,0,105,134,101,-,5,-6
RGQ,Ipswich Hospital NHS Trust,East of England,4662,155,3.3%,1994,105,5.3%,496,46,9.3%,1355,56,4.1%,143,3,2.1%,0,106,87,108,81,197,-7
RTX,University Hospitals of Morecambe Bay NHS Foundation Trust,North West,5541,178,3.2%,2053,107,5.2%,493,54,11.0%,1381,46,3.3%,179,7,3.9%,1,107,49,126,47,-53,-29
RM3,Salford Royal NHS Foundation Trust,North West,7825,298,3.8%,2799,145,5.2%,835,66,7.9%,1964,79,4.0%,0,0,-,0,108,123,111,-,59,13
RVY,Southport and Ormskirk Hospital NHS Trust,North West,2936,92,3.1%,1154,59,5.1%,283,15,5.3%,749,41,5.5%,122,3,2.5%,0,109,186,91,72,-232,5
RA9,Torbay and South Devon NHS Foundation Trust,South West,5913,160,2.7%,1823,92,5.0%,476,30,6.3%,1246,60,4.8%,101,2,2.0%,0,110,161,103,83,-52,-18
RKB,University Hospitals Coventry and Warwickshire NHS Trust,West Midlands,7901,269,3.4%,3464,174,5.0%,990,62,6.3%,2258,103,4.6%,216,9,4.2%,0,111,165,105,44,57,25
RWD,United Lincolnshire Hospitals NHS Trust,East Midlands,7589,324,4.3%,2992,150,5.0%,824,103,12.5%,1934,43,2.2%,234,4,1.7%,1,112,31,149,93,-33,-19
RPG,Oxleas NHS Foundation Trust,South London,3514,200,5.7%,1266,63,5.0%,176,17,9.66%,1090,46,4.2%,0,0,-,0,113,76,106,-,0,4
RBD,Dorset County Hospital NHS Foundation Trust,Wessex,2689,87,3.2%,1077,53,4.9%,334,27,8.1%,655,24,3.7%,88,2,2.3%,0,114,119,118,75,12,-7
RXY,Kent and Medway NHS and Social Care Partnership Trust,"Kent, Surrey and Sussex",3197,142,4.4%,1006,49,4.9%,159,18,11.3%,847,31,3.7%,0,0,-,1,115,44,119,-,2,-1
RLQ,Wye Valley NHS Trust,West Midlands,3108,106,3.4%,1194,58,4.9%,308,26,8.4%,805,31,3.9%,81,1,1.2%,0,116,109,115,105,-17,-6
RT1,Cambridgeshire and Peterborough NHS Foundation Trust,East of England,3884,198,5.1%,1348,65,4.8%,168,23,13.7%,1180,42,3.6%,0,0,-,1,117,18,122,-,-9,4
RWA,Hull and East Yorkshire Hospitals NHS Trust,Yorkshire and the Humber,8106,249,3.1%,3352,161,4.8%,971,72,7.4%,2193,89,4.1%,188,0,0.0%,0,118,139,110,-,13,-7
RY4,Hertfordshire Community NHS Trust,East of England,2680,118,4.4%,986,47,4.8%,35,1,2.9%,951,46,4.8%,0,0,-,0,119,216,102,-,-41,-4
RHW,Royal Berkshire NHS Foundation Trust,Thames Valley,5232,163,3.1%,2314,109,4.7%,708,29,4.1%,1433,75,5.2%,173,5,2.9%,0,120,206,94,64,-30,15
RX2,Sussex Partnership NHS Foundation Trust,"Kent, Surrey and Sussex",4227,243,5.7%,1408,66,4.7%,244,28,11.5%,1164,38,3.3%,0,0,-,1,121,42,128,-,79,3
RJF,Burton Hospitals NHS Foundation Trust,West Midlands,3161,87,2.8%,1255,58,4.6%,319,30,9.4%,811,28,3.5%,125,0,0.0%,0,122,84,123,-,-15,-23
RQ3,Birmingham Women's and Children's NHS Foundation Trust,West Midlands,5551,214,3.9%,2429,111,4.6%,571,54,9.5%,1499,42,2.8%,359,15,4.2%,0,123,83,138,43,-46,-2
RXN,Lancashire Teaching Hospitals NHS Foundation Trust,North West,7944,250,3.1%,3008,137,4.6%,826,56,6.8%,1992,76,3.8%,190,5,2.6%,0,124,153,117,67,42,-17
RJN,East Cheshire NHS Trust,North West,2718,87,3.2%,1054,48,4.6%,254,19,7.5%,715,28,3.9%,85,1,1.2%,0,125,137,113,107,-21,-7
REM,Aintree University Hospital NHS Foundation Trust,North West,4971,136,2.7%,1813,82,4.5%,562,49,8.7%,1247,33,2.6%,4,0,0.0%,0,126,101,142,-,63,2
RVN,Avon and Wiltshire Mental Health Partnership NHS Trust,South West,4061,173,4.3%,1446,64,4.4%,239,32,13.4%,1207,32,2.7%,0,0,-,1,127,20,141,-,45,2
RK5,Sherwood Forest Hospitals NHS Foundation Trust,East Midlands,4763,113,2.4%,1748,77,4.4%,457,34,7.4%,1159,40,3.5%,132,3,2.3%,0,128,138,124,75,21,-3
R1L,Essex Partnership University NHS Foundation Trust,East of England,5814,251,4.3%,2088,88,4.2%,227,28,12.3%,1861,60,3.2%,0,0,-,1,129,32,131,-,#N/A,#N/A
RW6,Pennine Acute Hospitals NHS Trust,North West,9999,323,3.2%,4238,175,4.1%,1134,88,7.8%,2701,78,2.9%,403,9,2.2%,0,130,129,137,77,111,-6
RJC,South Warwickshire NHS Foundation Trust,West Midlands,4334,141,3.3%,1818,75,4.1%,336,17,5.1%,1355,52,3.8%,127,6,4.7%,0,131,196,116,38,33,-12
RRJ,Royal Orthopaedic Hospital NHS Foundation Trust,West Midlands,977,25,2.6%,346,14,4.0%,110,12,10.9%,236,2,0.8%,0,0,-,1,132,50,208,-,-3,0
REP,Liverpool Women's NHS Foundation Trust,North West,1501,42,2.8%,830,33,4.0%,146,10,6.8%,363,15,4.1%,321,8,2.5%,0,133,150,109,71,-6,4
RJR,Countess of Chester Hospital NHS Foundation Trust,North West,3997,112,2.8%,1473,58,3.9%,454,31,6.8%,905,25,2.8%,114,2,1.8%,0,134,151,139,91,-37,-26
RXP,County Durham and Darlington NHS Foundation Trust,North East,7087,182,2.6%,3017,118,3.9%,689,47,6.8%,2088,67,3.2%,240,4,1.7%,0,135,152,133,94,-100,5
RTE,Gloucestershire Hospitals NHS Foundation Trust,South West,7618,227,3.0%,3151,123,3.9%,863,48,5.6%,1991,71,3.6%,297,4,1.3%,0,136,176,120,101,57,5
RWW,Warrington and Halton Hospitals NHS Foundation Trust,North West,4078,94,2.3%,1456,56,3.8%,391,37,9.5%,941,16,1.7%,124,3,2.4%,0,137,82,179,73,25,4
RYV,Cambridgeshire Community Services NHS Trust,East of England,2050,71,3.5%,977,37,3.8%,105,9,8.6%,872,28,3.2%,0,0,-,0,138,104,132,-,-38,0
RRF,"Wrightington, Wigan and Leigh NHS Foundation Trust",North West,5067,96,1.9%,1805,68,3.8%,548,30,5.5%,1126,37,3.3%,131,1,0.8%,0,139,182,127,118,-58,-21
RNL,North Cumbria University Hospitals NHS Trust,North West,4100,102,2.5%,1703,64,3.8%,397,40,10.1%,1147,23,2.0%,159,1,0.6%,1,140,69,157,-,-30,1
RP1,Northamptonshire Healthcare NHS Foundation Trust,East Midlands,3605,134,3.7%,1362,51,3.7%,122,11,9.0%,1240,40,3.2%,0,0,-,0,141,93,130,-,34,4
RBL,Wirral University Teaching Hospital NHS Foundation Trust,North West,6054,125,2.1%,2203,82,3.7%,590,33,5.6%,1469,46,3.1%,144,3,2.1%,0,142,175,134,82,-35,0
RDR,Sussex Community NHS Foundation Trust,"Kent, Surrey and Sussex",4844,205,4.2%,1658,61,3.7%,85,5,5.9%,1573,56,3.6%,0,0,-,0,143,172,121,-,6,2
RWP,Worcestershire Acute Hospitals NHS Trust,West Midlands,5971,187,3.1%,2555,94,3.7%,646,51,7.9%,1659,41,2.5%,250,2,0.8%,0,144,125,145,115,51,-4
RTD,Newcastle Upon Tyne Hospitals NHS Foundation Trust,North East,14370,395,2.7%,6252,230,3.7%,1753,148,8.4%,4207,72,1.7%,292,10,3.4%,0,145,108,177,52,162,17
RWY,Calderdale and Huddersfield NHS Foundation Trust,Yorkshire and the Humber,5893,131,2.2%,2344,86,3.7%,543,28,5.2%,1595,52,3.3%,206,6,2.9%,0,146,190,129,63,-100,-23
RL1,Robert Jones and Agnes Hunt Orthopaedic and District Hospital NHS Trust,West Midlands,1418,27,1.9%,439,16,3.6%,117,10,8.5%,322,6,1.9%,0,0,-,0,147,105,169,-,13,1
RL4,Royal Wolverhampton NHS Trust,West Midlands,8131,157,1.9%,3196,115,3.6%,844,44,5.2%,2139,64,3.0%,213,7,3.3%,0,148,189,136,54,27,-12
RNA,Dudley Group NHS Foundation Trust,West Midlands,4832,98,2.0%,2095,74,3.5%,516,34,6.6%,1407,38,2.7%,172,2,1.2%,0,149,159,140,109,50,-10
RFR,Rotherham NHS Foundation Trust,Yorkshire and the Humber,4409,77,1.7%,1652,58,3.5%,347,19,5.5%,1190,36,3.0%,115,3,2.6%,0,150,181,135,68,14,-22
R1C,Solent NHS Trust,Wessex,3366,122,3.6%,1035,36,3.5%,157,14,8.9%,878,22,2.5%,0,0,-,0,151,97,144,-,-5,4
RMY,Norfolk and Suffolk NHS Foundation Trust,East of England,3911,145,3.7%,1337,46,3.4%,183,17,9.3%,1154,29,2.5%,0,0,-,0,152,86,143,-,-41,0
RBN,St Helens and Knowsley Hospitals NHS Trust,North West,5787,115,2.0%,2249,77,3.4%,673,56,8.3%,1404,17,1.2%,172,4,2.3%,0,153,114,193,74,74,2
RXW,Shrewsbury and Telford Hospital NHS Trust,West Midlands,5749,138,2.4%,2190,74,3.4%,554,43,7.8%,1378,26,1.9%,258,5,1.9%,0,154,128,166,86,23,-6
RMP,Tameside and Glossop Integrated Care NHS Foundation Trust,North West,3849,103,2.7%,1435,48,3.3%,304,24,7.9%,1012,21,2.1%,119,3,2.5%,0,155,125,153,70,43,-6
RBK,Walsall Healthcare NHS Trust,West Midlands,4225,81,1.9%,1677,56,3.3%,392,26,6.6%,1121,21,1.9%,164,9,5.5%,0,156,157,167,34,27,-10
RTG,Derby Teaching Hospitals NHS Foundation Trust,East Midlands,8506,232,2.7%,3527,116,3.3%,943,63,6.7%,2320,45,1.9%,264,8,3.0%,0,157,156,162,60,53,-1
RTQ,2Gether NHS Foundation Trust,South West,2100,79,3.8%,732,24,3.3%,109,12,11.0%,623,12,1.9%,0,0,-,1,158,48,163,-,14,1
RXF,Mid Yorkshire Hospitals NHS Trust,Yorkshire and the Humber,8143,168,2.1%,2886,93,3.2%,778,49,6.3%,1853,41,2.2%,255,3,1.2%,0,159,162,150,107,-128,-8
RXR,East Lancashire Hospitals NHS Trust,North West,8185,159,1.9%,3306,104,3.1%,767,71,9.3%,2261,31,1.4%,278,2,0.7%,0,160,88,187,-,45,0
RXK,Sandwell and West Birmingham Hospitals NHS Trust,West Midlands,6846,167,2.4%,2857,89,3.1%,758,39,5.1%,1869,45,2.4%,230,5,2.2%,0,161,191,147,79,17,1
RHQ,Sheffield Teaching Hospitals NHS Foundation Trust,Yorkshire and the Humber,16280,354,2.2%,5908,179,3.0%,1580,99,6.3%,4044,74,1.8%,284,6,2.1%,0,162,164,171,80,54,20
RCU,Sheffield Children's NHS Foundation Trust,Yorkshire and the Humber,3168,66,2.1%,1261,38,3.0%,345,28,8.1%,916,10,1.1%,0,0,-,0,163,118,198,-,-5,1
RDY,Dorset Healthcare University NHS Foundation Trust,Wessex,5575,210,3.8%,1824,54,3.0%,147,13,8.8%,1675,41,2.4%,2,0,0.0%,0,164,100,146,-,-122,-17
RLT,George Eliot Hospital NHS Trust,West Midlands,2296,45,2.0%,914,27,3.0%,227,14,6.2%,588,10,1.7%,99,3,3.0%,0,165,167,178,60,1,2
RTR,South Tees Hospitals NHS Foundation Trust,North East,8689,149,1.7%,3720,109,2.9%,963,68,7.1%,2525,39,1.5%,232,2,0.9%,0,166,146,181,114,20,5
RXV,Greater Manchester Mental Health NHS Foundation Trust,North West,4754,153,3.2%,1509,44,2.9%,198,17,8.6%,1311,27,2.1%,0,0,-,0,167,103,155,-,5,5
RW1,Southern Health NHS Foundation Trust,Wessex,5740,208,3.6%,2071,59,2.8%,248,20,8.1%,1823,39,2.1%,0,0,-,0,168,120,151,-,-67,2
RCD,Harrogate and District NHS Foundation Trust,Yorkshire and the Humber,4009,175,4.4%,1757,50,2.8%,396,24,6.1%,1274,25,2.0%,87,1,1.1%,0,169,170,161,110,-35,-2
RCB,York Teaching Hospital NHS Foundation Trust,Yorkshire and the Humber,8615,260,3.0%,2996,84,2.8%,767,39,5.1%,2028,42,2.1%,201,3,1.5%,0,170,194,154,100,-18,-4
REN,Clatterbridge Cancer Centre NHS Foundation Trust,North West,1227,29,2.4%,361,10,2.8%,85,5,5.9%,276,5,1.8%,0,0,-,0,171,172,174,-,87,3
RAE,Bradford Teaching Hospitals NHS Foundation Trust,Yorkshire and the Humber,5792,154,2.7%,2339,64,2.7%,688,30,4.4%,1424,29,2.0%,227,5,2.2%,0,172,205,156,78,-27,-11
RWV,Devon Partnership NHS Trust,South West,2507,76,3.0%,816,22,2.7%,130,10,7.7%,686,12,1.7%,0,0,-,0,173,132,176,-,11,0
RFF,Barnsley Hospital NHS Foundation Trust,Yorkshire and the Humber,3203,43,1.3%,1319,35,2.7%,336,28,8.3%,842,2,0.2%,141,5,3.5%,0,174,112,221,50,24,0
RMC,Bolton NHS Foundation Trust,North West,5950,120,2.0%,2443,64,2.6%,505,31,6.1%,1674,32,1.9%,264,1,0.4%,0,175,168,164,-,43,-5
RXT,Birmingham and Solihull Mental Health NHS Foundation Trust,West Midlands,3863,86,2.2%,1403,36,2.6%,250,15,6.0%,1153,21,1.8%,0,0,-,0,176,171,173,-,-66,2
RFS,Chesterfield Royal Hospital NHS Foundation Trust,East Midlands,4114,71,1.7%,1414,36,2.5%,400,15,3.8%,902,19,2.1%,112,2,1.8%,0,177,212,152,90,-16,-20
RX4,"Northumberland, Tyne and Wear NHS Foundation Trust",North East,5632,112,2.0%,2210,56,2.5%,326,42,12.9%,1884,14,0.7%,0,0,-,1,178,28,210,-,50,2
RH5,Somerset Partnership NHS Foundation Trust,South West,3699,95,2.6%,1229,31,2.5%,109,11,10.1%,1120,20,1.8%,0,0,-,1,179,68,175,-,-62,-2
RR7,Gateshead Health NHS Foundation Trust,North East,4388,75,1.7%,1613,39,2.4%,390,28,7.2%,1140,10,0.9%,83,1,1.2%,0,180,142,207,106,21,-3
RGD,Leeds and York Partnership NHS Foundation Trust,Yorkshire and the Humber,2452,68,2.8%,875,21,2.4%,159,7,4.4%,713,14,2.0%,3,0,0.0%,0,181,204,160,-,0,-3
TAH,Sheffield Health and Social Care NHS Foundation Trust,Yorkshire and the Humber,2349,39,1.7%,667,16,2.4%,146,8,5.5%,521,8,1.5%,0,0,-,0,182,180,182,-,-12,0
RT5,Leicestershire Partnership NHS Trust,East Midlands,5189,110,2.1%,1981,47,2.4%,216,14,6.5%,1765,33,1.9%,0,0,-,0,183,160,168,-,-107,5
REF,Royal Cornwall Hospitals NHS Trust,South West,5318,89,1.7%,2194,50,2.3%,712,23,3.2%,1302,24,1.8%,180,3,1.7%,0,184,214,170,94,-40,-9
RW4,Mersey Care NHS Foundation Trust,North West,4769,89,1.9%,1364,31,2.3%,157,13,8.3%,1207,18,1.5%,0,0,-,0,185,115,183,-,173,2
RJ8,Cornwall Partnership NHS Foundation Trust,South West,3643,75,2.1%,1416,32,2.3%,102,8,7.8%,1314,24,1.8%,0,0,-,0,186,127,172,-,-33,3
RRE,South Staffordshire and Shropshire Healthcare NHS Foundation Trust,West Midlands,3725,77,2.1%,1115,24,2.2%,157,8,5.1%,958,16,1.7%,0,0,-,0,187,192,180,-,73,1
R1J,Gloucestershire Care Services NHS Trust,South West,2565,55,2.1%,941,20,2.1%,38,2,5.3%,903,18,2.0%,0,0,-,0,188,187,159,-,-33,0
RYY,Kent Community Health NHS Foundation Trust,"Kent, Surrey and Sussex",4631,102,2.2%,1383,29,2.1%,98,10,10.2%,1285,19,1.5%,0,0,-,1,189,64,184,-,-123,-4
RLN,City Hospitals Sunderland NHS Foundation Trust,North East,4838,94,1.9%,2161,45,2.1%,581,31,5.3%,1453,13,0.9%,127,1,0.8%,0,190,185,205,-,2,-3
RY3,Norfolk Community Health and Care NHS Trust,East of England,2204,44,2.0%,722,15,2.1%,40,2,5.0%,682,13,1.9%,0,0,-,0,191,197,165,-,-255,0
RVW,North Tees and Hartlepool NHS Foundation Trust,North East,5500,82,1.5%,2054,42,2.0%,488,27,5.5%,1433,14,1.0%,133,1,0.8%,0,192,177,202,-,26,5
RYK,Dudley and Walsall Mental Health Partnership NHS Trust,West Midlands,1098,19,1.7%,494,10,2.0%,88,4,4.5%,406,6,1.5%,0,0,-,0,193,202,185,-,22,4
RYG,Coventry and Warwickshire Partnership NHS Trust,West Midlands,3791,80,2.1%,1214,24,2.0%,198,9,4.5%,1016,15,1.5%,0,0,-,0,194,202,186,-,-35,-5
RY1,Liverpool Community Health NHS Trust,North West,1964,34,1.7%,885,17,1.9%,33,0,0.0%,852,17,2.0%,0,0,-,0,195,222,158,-,-385,-1
RY6,Leeds Community Healthcare NHS Trust,Yorkshire and the Humber,2808,48,1.7%,1052,20,1.9%,58,7,12.1%,994,13,1.3%,0,0,-,1,196,35,189,-,3,-1
RP5,Doncaster and Bassetlaw Teaching Hospitals NHS Foundation Trust,Yorkshire and the Humber,6394,85,1.3%,2383,43,1.8%,574,23,4.0%,1600,18,1.1%,209,2,1.0%,0,197,207,195,113,1,5
R1D,Shropshire Community Health NHS Trust,West Midlands,1511,20,1.3%,628,11,1.8%,57,4,7.0%,571,7,1.2%,0,0,-,0,198,147,192,-,-30,-4
RT2,Pennine Care NHS Foundation Trust,North West,5425,98,1.8%,2030,35,1.7%,218,12,5.5%,1812,23,1.3%,0,0,-,0,199,178,191,-,21,0
R1A,Worcestershire Health and Care NHS Trust,West Midlands,3734,78,2.1%,1368,23,1.7%,146,11,7.5%,1222,12,1.0%,0,0,-,0,200,135,201,-,-74,-3
RYW,Birmingham Community Healthcare NHS Foundation Trust,West Midlands,4747,82,1.7%,1760,29,1.6%,231,9,3.9%,1529,20,1.3%,0,0,-,0,201,209,188,-,-13,-3
RTV,North West Boroughs Healthcare NHS Foundation Trust,North West,3901,71,1.8%,1493,24,1.6%,116,10,8.6%,1377,14,1.0%,0,0,-,0,202,102,199,-,312,6
RX3,"Tees, Esk and Wear Valleys NHS Foundation Trust",North East,6664,93,1.4%,2594,41,1.6%,312,28,9.0%,2282,13,0.6%,0,0,-,0,203,95,214,-,116,3
RTF,Northumbria Healthcare NHS Foundation Trust,North East,8004,104,1.3%,3083,48,1.6%,643,31,4.8%,2276,16,0.7%,164,1,0.6%,0,204,200,213,-,-43,1
RHA,Nottinghamshire Healthcare NHS Foundation Trust,East Midlands,8667,128,1.5%,2853,44,1.5%,261,15,5.7%,2592,29,1.1%,0,0,-,0,205,174,196,-,-163,-1
TAJ,Black Country Partnership NHS Foundation Trust,West Midlands,1923,24,1.2%,701,10,1.4%,87,2,2.3%,614,8,1.3%,0,0,-,0,206,218,190,-,-8,-2
RP7,Lincolnshire Partnership NHS Foundation Trust,East Midlands,1916,31,1.6%,601,8,1.3%,77,3,3.9%,524,5,1.0%,0,0,-,0,207,209,204,-,40,0
TAD,Bradford District NHS Foundation Trust,Yorkshire and the Humber,2894,40,1.4%,1234,16,1.3%,91,5,5.5%,1143,11,1.0%,0,0,-,0,208,179,203,-,101,2
RXM,Derbyshire Healthcare NHS Foundation Trust,East Midlands,2473,41,1.7%,1044,13,1.2%,137,3,2.2%,907,10,1.1%,0,0,-,0,209,219,197,-,48,2
RXA,Cheshire and Wirral Partnership NHS Foundation Trust,North West,3466,41,1.2%,1274,15,1.2%,141,5,3.5%,1133,10,0.9%,0,0,-,0,210,213,206,-,24,-1
RE9,South Tyneside NHS Foundation Trust,North East,3646,38,1.0%,1662,19,1.1%,225,14,6.2%,1370,5,0.4%,67,0,0.0%,0,211,166,220,127,16,-7
RNN,Cumbria Partnership NHS Foundation Trust,North West,3912,56,1.4%,1343,15,1.1%,112,6,5.4%,1231,9,0.7%,0,0,-,0,212,184,211,-,-28,0
RY2,Bridgewater Community Healthcare NHS Foundation Trust,North West,2946,28,1.0%,1254,14,1.1%,91,1,1.1%,1135,13,1.1%,28,0,0.0%,0,213,221,194,-,-123,0
RY5,Lincolnshire Community Health Services NHS Trust,East Midlands,1894,29,1.5%,732,8,1.1%,12,1,8.3%,712,7,1.0%,8,0,0.0%,0,214,112,200,-,-190,-4
RV9,Humber NHS Foundation Trust,Yorkshire and the Humber,2438,33,1.4%,796,8,1.0%,74,4,5.4%,722,4,0.6%,0,0,-,0,215,183,216,-,-268,0
RY7,Wirral Community NHS Foundation Trust,North West,1426,14,1.0%,697,7,1.0%,28,2,7.1%,669,5,0.7%,0,0,-,0,216,143,209,-,14,-2
RW5,Lancashire Care NHS Foundation Trust,North West,6397,89,1.4%,2427,24,1.0%,209,8,3.8%,2218,16,0.7%,0,0,-,0,217,211,212,-,-107,-3
RLY,North Staffordshire Combined Healthcare NHS Trust,West Midlands,1417,12,0.8%,521,4,0.8%,65,3,4.6%,456,1,0.2%,0,0,-,0,218,201,222,-,2,0
R1E,Staffordshire and Stoke on Trent Partnership NHS Trust,West Midlands,4263,38,0.9%,1332,10,0.8%,75,3,4.0%,1257,7,0.6%,0,0,-,0,219,208,215,-,-40,-2
RXG,South West Yorkshire Partnership NHS Foundation Trust,Yorkshire and the Humber,4238,22,0.5%,1445,10,0.7%,159,5,3.1%,1286,5,0.4%,0,0,-,0,220,215,219,-,-26,-1
RY8,Derbyshire Community Health Services NHS Foundation Trust,East Midlands,4350,27,0.6%,1397,8,0.6%,49,1,2.0%,1348,7,0.5%,0,0,-,0,221,220,217,-,16,-3
RXE,Rotherham Doncaster and South Humber NHS Foundation Trust,Yorkshire and the Humber,3512,23,0.7%,1300,7,0.5%,70,2,2.9%,1230,5,0.4%,0,0,-,0,222,216,218,-,50,-1
